t_start,t_end,delta,smid,warpid
133612964781688,133612964781738,50,0,0
133612964781688,133612964781738,50,0,0
133612964781688,133612964781738,50,0,0
133612964781688,133612964781738,50,0,0
133612964781688,133612964781738,50,0,0
133612964781688,133612964781738,50,0,0
133612964781688,133612964781738,50,0,0
133612964781688,133612964781738,50,0,0
133612964781688,133612964781738,50,0,0
133612964781688,133612964781738,50,0,0
133612964781688,133612964781738,50,0,0
133612964781688,133612964781738,50,0,0
133612964781688,133612964781738,50,0,0
133612964781688,133612964781738,50,0,0
133612964781688,133612964781738,50,0,0
133612964781688,133612964781738,50,0,0
133612964781688,133612964781738,50,0,0
133612964781688,133612964781738,50,0,0
133612964781688,133612964781738,50,0,0
133612964781688,133612964781738,50,0,0
133612964781688,133612964781738,50,0,0
133612964781688,133612964781738,50,0,0
133612964781688,133612964781738,50,0,0
133612964781688,133612964781738,50,0,0
133612964781688,133612964781738,50,0,0
133612964781688,133612964781738,50,0,0
133612964781688,133612964781738,50,0,0
133612964781688,133612964781738,50,0,0
133612964781688,133612964781738,50,0,0
133612964781688,133612964781738,50,0,0
133612964781688,133612964781738,50,0,0
133612964781688,133612964781738,50,0,0
133612964781690,133612964781740,50,0,1
133612964781690,133612964781740,50,0,1
133612964781690,133612964781740,50,0,1
133612964781690,133612964781740,50,0,1
133612964781690,133612964781740,50,0,1
133612964781690,133612964781740,50,0,1
133612964781690,133612964781740,50,0,1
133612964781690,133612964781740,50,0,1
133612964781690,133612964781740,50,0,1
133612964781690,133612964781740,50,0,1
133612964781690,133612964781740,50,0,1
133612964781690,133612964781740,50,0,1
133612964781690,133612964781740,50,0,1
133612964781690,133612964781740,50,0,1
133612964781690,133612964781740,50,0,1
133612964781690,133612964781740,50,0,1
133612964781690,133612964781740,50,0,1
133612964781690,133612964781740,50,0,1
133612964781690,133612964781740,50,0,1
133612964781690,133612964781740,50,0,1
133612964781690,133612964781740,50,0,1
133612964781690,133612964781740,50,0,1
133612964781690,133612964781740,50,0,1
133612964781690,133612964781740,50,0,1
133612964781690,133612964781740,50,0,1
133612964781690,133612964781740,50,0,1
133612964781690,133612964781740,50,0,1
133612964781690,133612964781740,50,0,1
133612964781690,133612964781740,50,0,1
133612964781690,133612964781740,50,0,1
133612964781690,133612964781740,50,0,1
133612964781690,133612964781740,50,0,1
133612964781692,133612964781742,50,0,2
133612964781692,133612964781742,50,0,2
133612964781692,133612964781742,50,0,2
133612964781692,133612964781742,50,0,2
133612964781692,133612964781742,50,0,2
133612964781692,133612964781742,50,0,2
133612964781692,133612964781742,50,0,2
133612964781692,133612964781742,50,0,2
133612964781692,133612964781742,50,0,2
133612964781692,133612964781742,50,0,2
133612964781692,133612964781742,50,0,2
133612964781692,133612964781742,50,0,2
133612964781692,133612964781742,50,0,2
133612964781692,133612964781742,50,0,2
133612964781692,133612964781742,50,0,2
133612964781692,133612964781742,50,0,2
133612964781692,133612964781742,50,0,2
133612964781692,133612964781742,50,0,2
133612964781692,133612964781742,50,0,2
133612964781692,133612964781742,50,0,2
133612964781692,133612964781742,50,0,2
133612964781692,133612964781742,50,0,2
133612964781692,133612964781742,50,0,2
133612964781692,133612964781742,50,0,2
133612964781692,133612964781742,50,0,2
133612964781692,133612964781742,50,0,2
133612964781692,133612964781742,50,0,2
133612964781692,133612964781742,50,0,2
133612964781692,133612964781742,50,0,2
133612964781692,133612964781742,50,0,2
133612964781692,133612964781742,50,0,2
133612964781692,133612964781742,50,0,2
133612964781699,133612964781744,45,0,3
133612964781699,133612964781744,45,0,3
133612964781699,133612964781744,45,0,3
133612964781699,133612964781744,45,0,3
133612964781699,133612964781744,45,0,3
133612964781699,133612964781744,45,0,3
133612964781699,133612964781744,45,0,3
133612964781699,133612964781744,45,0,3
133612964781699,133612964781744,45,0,3
133612964781699,133612964781744,45,0,3
133612964781699,133612964781744,45,0,3
133612964781699,133612964781744,45,0,3
133612964781699,133612964781744,45,0,3
133612964781699,133612964781744,45,0,3
133612964781699,133612964781744,45,0,3
133612964781699,133612964781744,45,0,3
133612964781699,133612964781744,45,0,3
133612964781699,133612964781744,45,0,3
133612964781699,133612964781744,45,0,3
133612964781699,133612964781744,45,0,3
133612964781699,133612964781744,45,0,3
133612964781699,133612964781744,45,0,3
133612964781699,133612964781744,45,0,3
133612964781699,133612964781744,45,0,3
133612964781699,133612964781744,45,0,3
133612964781699,133612964781744,45,0,3
133612964781699,133612964781744,45,0,3
133612964781699,133612964781744,45,0,3
133612964781699,133612964781744,45,0,3
133612964781699,133612964781744,45,0,3
133612964781699,133612964781744,45,0,3
133612964781699,133612964781744,45,0,3
133612964781635,133612964781732,97,0,4
133612964781635,133612964781732,97,0,4
133612964781635,133612964781732,97,0,4
133612964781635,133612964781732,97,0,4
133612964781635,133612964781732,97,0,4
133612964781635,133612964781732,97,0,4
133612964781635,133612964781732,97,0,4
133612964781635,133612964781732,97,0,4
133612964781635,133612964781732,97,0,4
133612964781635,133612964781732,97,0,4
133612964781635,133612964781732,97,0,4
133612964781635,133612964781732,97,0,4
133612964781635,133612964781732,97,0,4
133612964781635,133612964781732,97,0,4
133612964781635,133612964781732,97,0,4
133612964781635,133612964781732,97,0,4
133612964781635,133612964781732,97,0,4
133612964781635,133612964781732,97,0,4
133612964781635,133612964781732,97,0,4
133612964781635,133612964781732,97,0,4
133612964781635,133612964781732,97,0,4
133612964781635,133612964781732,97,0,4
133612964781635,133612964781732,97,0,4
133612964781635,133612964781732,97,0,4
133612964781635,133612964781732,97,0,4
133612964781635,133612964781732,97,0,4
133612964781635,133612964781732,97,0,4
133612964781635,133612964781732,97,0,4
133612964781635,133612964781732,97,0,4
133612964781635,133612964781732,97,0,4
133612964781635,133612964781732,97,0,4
133612964781635,133612964781732,97,0,4
133612964781637,133612964781734,97,0,5
133612964781637,133612964781734,97,0,5
133612964781637,133612964781734,97,0,5
133612964781637,133612964781734,97,0,5
133612964781637,133612964781734,97,0,5
133612964781637,133612964781734,97,0,5
133612964781637,133612964781734,97,0,5
133612964781637,133612964781734,97,0,5
133612964781637,133612964781734,97,0,5
133612964781637,133612964781734,97,0,5
133612964781637,133612964781734,97,0,5
133612964781637,133612964781734,97,0,5
133612964781637,133612964781734,97,0,5
133612964781637,133612964781734,97,0,5
133612964781637,133612964781734,97,0,5
133612964781637,133612964781734,97,0,5
133612964781637,133612964781734,97,0,5
133612964781637,133612964781734,97,0,5
133612964781637,133612964781734,97,0,5
133612964781637,133612964781734,97,0,5
133612964781637,133612964781734,97,0,5
133612964781637,133612964781734,97,0,5
133612964781637,133612964781734,97,0,5
133612964781637,133612964781734,97,0,5
133612964781637,133612964781734,97,0,5
133612964781637,133612964781734,97,0,5
133612964781637,133612964781734,97,0,5
133612964781637,133612964781734,97,0,5
133612964781637,133612964781734,97,0,5
133612964781637,133612964781734,97,0,5
133612964781637,133612964781734,97,0,5
133612964781637,133612964781734,97,0,5
133612964781639,133612964781736,97,0,6
133612964781639,133612964781736,97,0,6
133612964781639,133612964781736,97,0,6
133612964781639,133612964781736,97,0,6
133612964781639,133612964781736,97,0,6
133612964781639,133612964781736,97,0,6
133612964781639,133612964781736,97,0,6
133612964781639,133612964781736,97,0,6
133612964781639,133612964781736,97,0,6
133612964781639,133612964781736,97,0,6
133612964781639,133612964781736,97,0,6
133612964781639,133612964781736,97,0,6
133612964781639,133612964781736,97,0,6
133612964781639,133612964781736,97,0,6
133612964781639,133612964781736,97,0,6
133612964781639,133612964781736,97,0,6
133612964781639,133612964781736,97,0,6
133612964781639,133612964781736,97,0,6
133612964781639,133612964781736,97,0,6
133612964781639,133612964781736,97,0,6
133612964781639,133612964781736,97,0,6
133612964781639,133612964781736,97,0,6
133612964781639,133612964781736,97,0,6
133612964781639,133612964781736,97,0,6
133612964781639,133612964781736,97,0,6
133612964781639,133612964781736,97,0,6
133612964781639,133612964781736,97,0,6
133612964781639,133612964781736,97,0,6
133612964781639,133612964781736,97,0,6
133612964781639,133612964781736,97,0,6
133612964781639,133612964781736,97,0,6
133612964781639,133612964781736,97,0,6
133612964781697,133612964781738,41,0,7
133612964781697,133612964781738,41,0,7
133612964781697,133612964781738,41,0,7
133612964781697,133612964781738,41,0,7
133612964781697,133612964781738,41,0,7
133612964781697,133612964781738,41,0,7
133612964781697,133612964781738,41,0,7
133612964781697,133612964781738,41,0,7
133612964781697,133612964781738,41,0,7
133612964781697,133612964781738,41,0,7
133612964781697,133612964781738,41,0,7
133612964781697,133612964781738,41,0,7
133612964781697,133612964781738,41,0,7
133612964781697,133612964781738,41,0,7
133612964781697,133612964781738,41,0,7
133612964781697,133612964781738,41,0,7
133612964781697,133612964781738,41,0,7
133612964781697,133612964781738,41,0,7
133612964781697,133612964781738,41,0,7
133612964781697,133612964781738,41,0,7
133612964781697,133612964781738,41,0,7
133612964781697,133612964781738,41,0,7
133612964781697,133612964781738,41,0,7
133612964781697,133612964781738,41,0,7
133612964781697,133612964781738,41,0,7
133612964781697,133612964781738,41,0,7
133612964781697,133612964781738,41,0,7
133612964781697,133612964781738,41,0,7
133612964781697,133612964781738,41,0,7
133612964781697,133612964781738,41,0,7
133612964781697,133612964781738,41,0,7
133612964781697,133612964781738,41,0,7
133612964781683,133612964781726,43,0,8
133612964781683,133612964781726,43,0,8
133612964781683,133612964781726,43,0,8
133612964781683,133612964781726,43,0,8
133612964781683,133612964781726,43,0,8
133612964781683,133612964781726,43,0,8
133612964781683,133612964781726,43,0,8
133612964781683,133612964781726,43,0,8
133612964781683,133612964781726,43,0,8
133612964781683,133612964781726,43,0,8
133612964781683,133612964781726,43,0,8
133612964781683,133612964781726,43,0,8
133612964781683,133612964781726,43,0,8
133612964781683,133612964781726,43,0,8
133612964781683,133612964781726,43,0,8
133612964781683,133612964781726,43,0,8
133612964781683,133612964781726,43,0,8
133612964781683,133612964781726,43,0,8
133612964781683,133612964781726,43,0,8
133612964781683,133612964781726,43,0,8
133612964781683,133612964781726,43,0,8
133612964781683,133612964781726,43,0,8
133612964781683,133612964781726,43,0,8
133612964781683,133612964781726,43,0,8
133612964781683,133612964781726,43,0,8
133612964781683,133612964781726,43,0,8
133612964781683,133612964781726,43,0,8
133612964781683,133612964781726,43,0,8
133612964781683,133612964781726,43,0,8
133612964781683,133612964781726,43,0,8
133612964781683,133612964781726,43,0,8
133612964781683,133612964781726,43,0,8
133612964781685,133612964781728,43,0,9
133612964781685,133612964781728,43,0,9
133612964781685,133612964781728,43,0,9
133612964781685,133612964781728,43,0,9
133612964781685,133612964781728,43,0,9
133612964781685,133612964781728,43,0,9
133612964781685,133612964781728,43,0,9
133612964781685,133612964781728,43,0,9
133612964781685,133612964781728,43,0,9
133612964781685,133612964781728,43,0,9
133612964781685,133612964781728,43,0,9
133612964781685,133612964781728,43,0,9
133612964781685,133612964781728,43,0,9
133612964781685,133612964781728,43,0,9
133612964781685,133612964781728,43,0,9
133612964781685,133612964781728,43,0,9
133612964781685,133612964781728,43,0,9
133612964781685,133612964781728,43,0,9
133612964781685,133612964781728,43,0,9
133612964781685,133612964781728,43,0,9
133612964781685,133612964781728,43,0,9
133612964781685,133612964781728,43,0,9
133612964781685,133612964781728,43,0,9
133612964781685,133612964781728,43,0,9
133612964781685,133612964781728,43,0,9
133612964781685,133612964781728,43,0,9
133612964781685,133612964781728,43,0,9
133612964781685,133612964781728,43,0,9
133612964781685,133612964781728,43,0,9
133612964781685,133612964781728,43,0,9
133612964781685,133612964781728,43,0,9
133612964781685,133612964781728,43,0,9
133612964781687,133612964781730,43,0,10
133612964781687,133612964781730,43,0,10
133612964781687,133612964781730,43,0,10
133612964781687,133612964781730,43,0,10
133612964781687,133612964781730,43,0,10
133612964781687,133612964781730,43,0,10
133612964781687,133612964781730,43,0,10
133612964781687,133612964781730,43,0,10
133612964781687,133612964781730,43,0,10
133612964781687,133612964781730,43,0,10
133612964781687,133612964781730,43,0,10
133612964781687,133612964781730,43,0,10
133612964781687,133612964781730,43,0,10
133612964781687,133612964781730,43,0,10
133612964781687,133612964781730,43,0,10
133612964781687,133612964781730,43,0,10
133612964781687,133612964781730,43,0,10
133612964781687,133612964781730,43,0,10
133612964781687,133612964781730,43,0,10
133612964781687,133612964781730,43,0,10
133612964781687,133612964781730,43,0,10
133612964781687,133612964781730,43,0,10
133612964781687,133612964781730,43,0,10
133612964781687,133612964781730,43,0,10
133612964781687,133612964781730,43,0,10
133612964781687,133612964781730,43,0,10
133612964781687,133612964781730,43,0,10
133612964781687,133612964781730,43,0,10
133612964781687,133612964781730,43,0,10
133612964781687,133612964781730,43,0,10
133612964781687,133612964781730,43,0,10
133612964781687,133612964781730,43,0,10
133612964781641,133612964781720,79,0,11
133612964781641,133612964781720,79,0,11
133612964781641,133612964781720,79,0,11
133612964781641,133612964781720,79,0,11
133612964781641,133612964781720,79,0,11
133612964781641,133612964781720,79,0,11
133612964781641,133612964781720,79,0,11
133612964781641,133612964781720,79,0,11
133612964781641,133612964781720,79,0,11
133612964781641,133612964781720,79,0,11
133612964781641,133612964781720,79,0,11
133612964781641,133612964781720,79,0,11
133612964781641,133612964781720,79,0,11
133612964781641,133612964781720,79,0,11
133612964781641,133612964781720,79,0,11
133612964781641,133612964781720,79,0,11
133612964781641,133612964781720,79,0,11
133612964781641,133612964781720,79,0,11
133612964781641,133612964781720,79,0,11
133612964781641,133612964781720,79,0,11
133612964781641,133612964781720,79,0,11
133612964781641,133612964781720,79,0,11
133612964781641,133612964781720,79,0,11
133612964781641,133612964781720,79,0,11
133612964781641,133612964781720,79,0,11
133612964781641,133612964781720,79,0,11
133612964781641,133612964781720,79,0,11
133612964781641,133612964781720,79,0,11
133612964781641,133612964781720,79,0,11
133612964781641,133612964781720,79,0,11
133612964781641,133612964781720,79,0,11
133612964781641,133612964781720,79,0,11
133612964781660,133612964781720,60,0,12
133612964781660,133612964781720,60,0,12
133612964781660,133612964781720,60,0,12
133612964781660,133612964781720,60,0,12
133612964781660,133612964781720,60,0,12
133612964781660,133612964781720,60,0,12
133612964781660,133612964781720,60,0,12
133612964781660,133612964781720,60,0,12
133612964781660,133612964781720,60,0,12
133612964781660,133612964781720,60,0,12
133612964781660,133612964781720,60,0,12
133612964781660,133612964781720,60,0,12
133612964781660,133612964781720,60,0,12
133612964781660,133612964781720,60,0,12
133612964781660,133612964781720,60,0,12
133612964781660,133612964781720,60,0,12
133612964781660,133612964781720,60,0,12
133612964781660,133612964781720,60,0,12
133612964781660,133612964781720,60,0,12
133612964781660,133612964781720,60,0,12
133612964781660,133612964781720,60,0,12
133612964781660,133612964781720,60,0,12
133612964781660,133612964781720,60,0,12
133612964781660,133612964781720,60,0,12
133612964781660,133612964781720,60,0,12
133612964781660,133612964781720,60,0,12
133612964781660,133612964781720,60,0,12
133612964781660,133612964781720,60,0,12
133612964781660,133612964781720,60,0,12
133612964781660,133612964781720,60,0,12
133612964781660,133612964781720,60,0,12
133612964781660,133612964781720,60,0,12
133612964781662,133612964781722,60,0,13
133612964781662,133612964781722,60,0,13
133612964781662,133612964781722,60,0,13
133612964781662,133612964781722,60,0,13
133612964781662,133612964781722,60,0,13
133612964781662,133612964781722,60,0,13
133612964781662,133612964781722,60,0,13
133612964781662,133612964781722,60,0,13
133612964781662,133612964781722,60,0,13
133612964781662,133612964781722,60,0,13
133612964781662,133612964781722,60,0,13
133612964781662,133612964781722,60,0,13
133612964781662,133612964781722,60,0,13
133612964781662,133612964781722,60,0,13
133612964781662,133612964781722,60,0,13
133612964781662,133612964781722,60,0,13
133612964781662,133612964781722,60,0,13
133612964781662,133612964781722,60,0,13
133612964781662,133612964781722,60,0,13
133612964781662,133612964781722,60,0,13
133612964781662,133612964781722,60,0,13
133612964781662,133612964781722,60,0,13
133612964781662,133612964781722,60,0,13
133612964781662,133612964781722,60,0,13
133612964781662,133612964781722,60,0,13
133612964781662,133612964781722,60,0,13
133612964781662,133612964781722,60,0,13
133612964781662,133612964781722,60,0,13
133612964781662,133612964781722,60,0,13
133612964781662,133612964781722,60,0,13
133612964781662,133612964781722,60,0,13
133612964781662,133612964781722,60,0,13
133612964781664,133612964781724,60,0,14
133612964781664,133612964781724,60,0,14
133612964781664,133612964781724,60,0,14
133612964781664,133612964781724,60,0,14
133612964781664,133612964781724,60,0,14
133612964781664,133612964781724,60,0,14
133612964781664,133612964781724,60,0,14
133612964781664,133612964781724,60,0,14
133612964781664,133612964781724,60,0,14
133612964781664,133612964781724,60,0,14
133612964781664,133612964781724,60,0,14
133612964781664,133612964781724,60,0,14
133612964781664,133612964781724,60,0,14
133612964781664,133612964781724,60,0,14
133612964781664,133612964781724,60,0,14
133612964781664,133612964781724,60,0,14
133612964781664,133612964781724,60,0,14
133612964781664,133612964781724,60,0,14
133612964781664,133612964781724,60,0,14
133612964781664,133612964781724,60,0,14
133612964781664,133612964781724,60,0,14
133612964781664,133612964781724,60,0,14
133612964781664,133612964781724,60,0,14
133612964781664,133612964781724,60,0,14
133612964781664,133612964781724,60,0,14
133612964781664,133612964781724,60,0,14
133612964781664,133612964781724,60,0,14
133612964781664,133612964781724,60,0,14
133612964781664,133612964781724,60,0,14
133612964781664,133612964781724,60,0,14
133612964781664,133612964781724,60,0,14
133612964781664,133612964781724,60,0,14
133612964781665,133612964781725,60,0,15
133612964781665,133612964781725,60,0,15
133612964781665,133612964781725,60,0,15
133612964781665,133612964781725,60,0,15
133612964781665,133612964781725,60,0,15
133612964781665,133612964781725,60,0,15
133612964781665,133612964781725,60,0,15
133612964781665,133612964781725,60,0,15
133612964781665,133612964781725,60,0,15
133612964781665,133612964781725,60,0,15
133612964781665,133612964781725,60,0,15
133612964781665,133612964781725,60,0,15
133612964781665,133612964781725,60,0,15
133612964781665,133612964781725,60,0,15
133612964781665,133612964781725,60,0,15
133612964781665,133612964781725,60,0,15
133612964781665,133612964781725,60,0,15
133612964781665,133612964781725,60,0,15
133612964781665,133612964781725,60,0,15
133612964781665,133612964781725,60,0,15
133612964781665,133612964781725,60,0,15
133612964781665,133612964781725,60,0,15
133612964781665,133612964781725,60,0,15
133612964781665,133612964781725,60,0,15
133612964781665,133612964781725,60,0,15
133612964781665,133612964781725,60,0,15
133612964781665,133612964781725,60,0,15
133612964781665,133612964781725,60,0,15
133612964781665,133612964781725,60,0,15
133612964781665,133612964781725,60,0,15
133612964781665,133612964781725,60,0,15
133612964781665,133612964781725,60,0,15
133612964781651,133612964781708,57,0,16
133612964781651,133612964781708,57,0,16
133612964781651,133612964781708,57,0,16
133612964781651,133612964781708,57,0,16
133612964781651,133612964781708,57,0,16
133612964781651,133612964781708,57,0,16
133612964781651,133612964781708,57,0,16
133612964781651,133612964781708,57,0,16
133612964781651,133612964781708,57,0,16
133612964781651,133612964781708,57,0,16
133612964781651,133612964781708,57,0,16
133612964781651,133612964781708,57,0,16
133612964781651,133612964781708,57,0,16
133612964781651,133612964781708,57,0,16
133612964781651,133612964781708,57,0,16
133612964781651,133612964781708,57,0,16
133612964781651,133612964781708,57,0,16
133612964781651,133612964781708,57,0,16
133612964781651,133612964781708,57,0,16
133612964781651,133612964781708,57,0,16
133612964781651,133612964781708,57,0,16
133612964781651,133612964781708,57,0,16
133612964781651,133612964781708,57,0,16
133612964781651,133612964781708,57,0,16
133612964781651,133612964781708,57,0,16
133612964781651,133612964781708,57,0,16
133612964781651,133612964781708,57,0,16
133612964781651,133612964781708,57,0,16
133612964781651,133612964781708,57,0,16
133612964781651,133612964781708,57,0,16
133612964781651,133612964781708,57,0,16
133612964781651,133612964781708,57,0,16
133612964781653,133612964781710,57,0,17
133612964781653,133612964781710,57,0,17
133612964781653,133612964781710,57,0,17
133612964781653,133612964781710,57,0,17
133612964781653,133612964781710,57,0,17
133612964781653,133612964781710,57,0,17
133612964781653,133612964781710,57,0,17
133612964781653,133612964781710,57,0,17
133612964781653,133612964781710,57,0,17
133612964781653,133612964781710,57,0,17
133612964781653,133612964781710,57,0,17
133612964781653,133612964781710,57,0,17
133612964781653,133612964781710,57,0,17
133612964781653,133612964781710,57,0,17
133612964781653,133612964781710,57,0,17
133612964781653,133612964781710,57,0,17
133612964781653,133612964781710,57,0,17
133612964781653,133612964781710,57,0,17
133612964781653,133612964781710,57,0,17
133612964781653,133612964781710,57,0,17
133612964781653,133612964781710,57,0,17
133612964781653,133612964781710,57,0,17
133612964781653,133612964781710,57,0,17
133612964781653,133612964781710,57,0,17
133612964781653,133612964781710,57,0,17
133612964781653,133612964781710,57,0,17
133612964781653,133612964781710,57,0,17
133612964781653,133612964781710,57,0,17
133612964781653,133612964781710,57,0,17
133612964781653,133612964781710,57,0,17
133612964781653,133612964781710,57,0,17
133612964781653,133612964781710,57,0,17
133612964781655,133612964781712,57,0,18
133612964781655,133612964781712,57,0,18
133612964781655,133612964781712,57,0,18
133612964781655,133612964781712,57,0,18
133612964781655,133612964781712,57,0,18
133612964781655,133612964781712,57,0,18
133612964781655,133612964781712,57,0,18
133612964781655,133612964781712,57,0,18
133612964781655,133612964781712,57,0,18
133612964781655,133612964781712,57,0,18
133612964781655,133612964781712,57,0,18
133612964781655,133612964781712,57,0,18
133612964781655,133612964781712,57,0,18
133612964781655,133612964781712,57,0,18
133612964781655,133612964781712,57,0,18
133612964781655,133612964781712,57,0,18
133612964781655,133612964781712,57,0,18
133612964781655,133612964781712,57,0,18
133612964781655,133612964781712,57,0,18
133612964781655,133612964781712,57,0,18
133612964781655,133612964781712,57,0,18
133612964781655,133612964781712,57,0,18
133612964781655,133612964781712,57,0,18
133612964781655,133612964781712,57,0,18
133612964781655,133612964781712,57,0,18
133612964781655,133612964781712,57,0,18
133612964781655,133612964781712,57,0,18
133612964781655,133612964781712,57,0,18
133612964781655,133612964781712,57,0,18
133612964781655,133612964781712,57,0,18
133612964781655,133612964781712,57,0,18
133612964781655,133612964781712,57,0,18
133612964781618,133612964781709,91,0,19
133612964781618,133612964781709,91,0,19
133612964781618,133612964781709,91,0,19
133612964781618,133612964781709,91,0,19
133612964781618,133612964781709,91,0,19
133612964781618,133612964781709,91,0,19
133612964781618,133612964781709,91,0,19
133612964781618,133612964781709,91,0,19
133612964781618,133612964781709,91,0,19
133612964781618,133612964781709,91,0,19
133612964781618,133612964781709,91,0,19
133612964781618,133612964781709,91,0,19
133612964781618,133612964781709,91,0,19
133612964781618,133612964781709,91,0,19
133612964781618,133612964781709,91,0,19
133612964781618,133612964781709,91,0,19
133612964781618,133612964781709,91,0,19
133612964781618,133612964781709,91,0,19
133612964781618,133612964781709,91,0,19
133612964781618,133612964781709,91,0,19
133612964781618,133612964781709,91,0,19
133612964781618,133612964781709,91,0,19
133612964781618,133612964781709,91,0,19
133612964781618,133612964781709,91,0,19
133612964781618,133612964781709,91,0,19
133612964781618,133612964781709,91,0,19
133612964781618,133612964781709,91,0,19
133612964781618,133612964781709,91,0,19
133612964781618,133612964781709,91,0,19
133612964781618,133612964781709,91,0,19
133612964781618,133612964781709,91,0,19
133612964781618,133612964781709,91,0,19
133612964781596,133612964781698,102,0,20
133612964781596,133612964781698,102,0,20
133612964781596,133612964781698,102,0,20
133612964781596,133612964781698,102,0,20
133612964781596,133612964781698,102,0,20
133612964781596,133612964781698,102,0,20
133612964781596,133612964781698,102,0,20
133612964781596,133612964781698,102,0,20
133612964781596,133612964781698,102,0,20
133612964781596,133612964781698,102,0,20
133612964781596,133612964781698,102,0,20
133612964781596,133612964781698,102,0,20
133612964781596,133612964781698,102,0,20
133612964781596,133612964781698,102,0,20
133612964781596,133612964781698,102,0,20
133612964781596,133612964781698,102,0,20
133612964781596,133612964781698,102,0,20
133612964781596,133612964781698,102,0,20
133612964781596,133612964781698,102,0,20
133612964781596,133612964781698,102,0,20
133612964781596,133612964781698,102,0,20
133612964781596,133612964781698,102,0,20
133612964781596,133612964781698,102,0,20
133612964781596,133612964781698,102,0,20
133612964781596,133612964781698,102,0,20
133612964781596,133612964781698,102,0,20
133612964781596,133612964781698,102,0,20
133612964781596,133612964781698,102,0,20
133612964781596,133612964781698,102,0,20
133612964781596,133612964781698,102,0,20
133612964781596,133612964781698,102,0,20
133612964781596,133612964781698,102,0,20
133612964781598,133612964781700,102,0,21
133612964781598,133612964781700,102,0,21
133612964781598,133612964781700,102,0,21
133612964781598,133612964781700,102,0,21
133612964781598,133612964781700,102,0,21
133612964781598,133612964781700,102,0,21
133612964781598,133612964781700,102,0,21
133612964781598,133612964781700,102,0,21
133612964781598,133612964781700,102,0,21
133612964781598,133612964781700,102,0,21
133612964781598,133612964781700,102,0,21
133612964781598,133612964781700,102,0,21
133612964781598,133612964781700,102,0,21
133612964781598,133612964781700,102,0,21
133612964781598,133612964781700,102,0,21
133612964781598,133612964781700,102,0,21
133612964781598,133612964781700,102,0,21
133612964781598,133612964781700,102,0,21
133612964781598,133612964781700,102,0,21
133612964781598,133612964781700,102,0,21
133612964781598,133612964781700,102,0,21
133612964781598,133612964781700,102,0,21
133612964781598,133612964781700,102,0,21
133612964781598,133612964781700,102,0,21
133612964781598,133612964781700,102,0,21
133612964781598,133612964781700,102,0,21
133612964781598,133612964781700,102,0,21
133612964781598,133612964781700,102,0,21
133612964781598,133612964781700,102,0,21
133612964781598,133612964781700,102,0,21
133612964781598,133612964781700,102,0,21
133612964781598,133612964781700,102,0,21
133612964781600,133612964781702,102,0,22
133612964781600,133612964781702,102,0,22
133612964781600,133612964781702,102,0,22
133612964781600,133612964781702,102,0,22
133612964781600,133612964781702,102,0,22
133612964781600,133612964781702,102,0,22
133612964781600,133612964781702,102,0,22
133612964781600,133612964781702,102,0,22
133612964781600,133612964781702,102,0,22
133612964781600,133612964781702,102,0,22
133612964781600,133612964781702,102,0,22
133612964781600,133612964781702,102,0,22
133612964781600,133612964781702,102,0,22
133612964781600,133612964781702,102,0,22
133612964781600,133612964781702,102,0,22
133612964781600,133612964781702,102,0,22
133612964781600,133612964781702,102,0,22
133612964781600,133612964781702,102,0,22
133612964781600,133612964781702,102,0,22
133612964781600,133612964781702,102,0,22
133612964781600,133612964781702,102,0,22
133612964781600,133612964781702,102,0,22
133612964781600,133612964781702,102,0,22
133612964781600,133612964781702,102,0,22
133612964781600,133612964781702,102,0,22
133612964781600,133612964781702,102,0,22
133612964781600,133612964781702,102,0,22
133612964781600,133612964781702,102,0,22
133612964781600,133612964781702,102,0,22
133612964781600,133612964781702,102,0,22
133612964781600,133612964781702,102,0,22
133612964781600,133612964781702,102,0,22
133612964781610,133612964781703,93,0,23
133612964781610,133612964781703,93,0,23
133612964781610,133612964781703,93,0,23
133612964781610,133612964781703,93,0,23
133612964781610,133612964781703,93,0,23
133612964781610,133612964781703,93,0,23
133612964781610,133612964781703,93,0,23
133612964781610,133612964781703,93,0,23
133612964781610,133612964781703,93,0,23
133612964781610,133612964781703,93,0,23
133612964781610,133612964781703,93,0,23
133612964781610,133612964781703,93,0,23
133612964781610,133612964781703,93,0,23
133612964781610,133612964781703,93,0,23
133612964781610,133612964781703,93,0,23
133612964781610,133612964781703,93,0,23
133612964781610,133612964781703,93,0,23
133612964781610,133612964781703,93,0,23
133612964781610,133612964781703,93,0,23
133612964781610,133612964781703,93,0,23
133612964781610,133612964781703,93,0,23
133612964781610,133612964781703,93,0,23
133612964781610,133612964781703,93,0,23
133612964781610,133612964781703,93,0,23
133612964781610,133612964781703,93,0,23
133612964781610,133612964781703,93,0,23
133612964781610,133612964781703,93,0,23
133612964781610,133612964781703,93,0,23
133612964781610,133612964781703,93,0,23
133612964781610,133612964781703,93,0,23
133612964781610,133612964781703,93,0,23
133612964781610,133612964781703,93,0,23
133612964781588,133612964781690,102,0,24
133612964781588,133612964781690,102,0,24
133612964781588,133612964781690,102,0,24
133612964781588,133612964781690,102,0,24
133612964781588,133612964781690,102,0,24
133612964781588,133612964781690,102,0,24
133612964781588,133612964781690,102,0,24
133612964781588,133612964781690,102,0,24
133612964781588,133612964781690,102,0,24
133612964781588,133612964781690,102,0,24
133612964781588,133612964781690,102,0,24
133612964781588,133612964781690,102,0,24
133612964781588,133612964781690,102,0,24
133612964781588,133612964781690,102,0,24
133612964781588,133612964781690,102,0,24
133612964781588,133612964781690,102,0,24
133612964781588,133612964781690,102,0,24
133612964781588,133612964781690,102,0,24
133612964781588,133612964781690,102,0,24
133612964781588,133612964781690,102,0,24
133612964781588,133612964781690,102,0,24
133612964781588,133612964781690,102,0,24
133612964781588,133612964781690,102,0,24
133612964781588,133612964781690,102,0,24
133612964781588,133612964781690,102,0,24
133612964781588,133612964781690,102,0,24
133612964781588,133612964781690,102,0,24
133612964781588,133612964781690,102,0,24
133612964781588,133612964781690,102,0,24
133612964781588,133612964781690,102,0,24
133612964781588,133612964781690,102,0,24
133612964781588,133612964781690,102,0,24
133612964781590,133612964781692,102,0,25
133612964781590,133612964781692,102,0,25
133612964781590,133612964781692,102,0,25
133612964781590,133612964781692,102,0,25
133612964781590,133612964781692,102,0,25
133612964781590,133612964781692,102,0,25
133612964781590,133612964781692,102,0,25
133612964781590,133612964781692,102,0,25
133612964781590,133612964781692,102,0,25
133612964781590,133612964781692,102,0,25
133612964781590,133612964781692,102,0,25
133612964781590,133612964781692,102,0,25
133612964781590,133612964781692,102,0,25
133612964781590,133612964781692,102,0,25
133612964781590,133612964781692,102,0,25
133612964781590,133612964781692,102,0,25
133612964781590,133612964781692,102,0,25
133612964781590,133612964781692,102,0,25
133612964781590,133612964781692,102,0,25
133612964781590,133612964781692,102,0,25
133612964781590,133612964781692,102,0,25
133612964781590,133612964781692,102,0,25
133612964781590,133612964781692,102,0,25
133612964781590,133612964781692,102,0,25
133612964781590,133612964781692,102,0,25
133612964781590,133612964781692,102,0,25
133612964781590,133612964781692,102,0,25
133612964781590,133612964781692,102,0,25
133612964781590,133612964781692,102,0,25
133612964781590,133612964781692,102,0,25
133612964781590,133612964781692,102,0,25
133612964781590,133612964781692,102,0,25
133612964781594,133612964781694,100,0,26
133612964781594,133612964781694,100,0,26
133612964781594,133612964781694,100,0,26
133612964781594,133612964781694,100,0,26
133612964781594,133612964781694,100,0,26
133612964781594,133612964781694,100,0,26
133612964781594,133612964781694,100,0,26
133612964781594,133612964781694,100,0,26
133612964781594,133612964781694,100,0,26
133612964781594,133612964781694,100,0,26
133612964781594,133612964781694,100,0,26
133612964781594,133612964781694,100,0,26
133612964781594,133612964781694,100,0,26
133612964781594,133612964781694,100,0,26
133612964781594,133612964781694,100,0,26
133612964781594,133612964781694,100,0,26
133612964781594,133612964781694,100,0,26
133612964781594,133612964781694,100,0,26
133612964781594,133612964781694,100,0,26
133612964781594,133612964781694,100,0,26
133612964781594,133612964781694,100,0,26
133612964781594,133612964781694,100,0,26
133612964781594,133612964781694,100,0,26
133612964781594,133612964781694,100,0,26
133612964781594,133612964781694,100,0,26
133612964781594,133612964781694,100,0,26
133612964781594,133612964781694,100,0,26
133612964781594,133612964781694,100,0,26
133612964781594,133612964781694,100,0,26
133612964781594,133612964781694,100,0,26
133612964781594,133612964781694,100,0,26
133612964781594,133612964781694,100,0,26
133612964781594,133612964781695,101,0,27
133612964781594,133612964781695,101,0,27
133612964781594,133612964781695,101,0,27
133612964781594,133612964781695,101,0,27
133612964781594,133612964781695,101,0,27
133612964781594,133612964781695,101,0,27
133612964781594,133612964781695,101,0,27
133612964781594,133612964781695,101,0,27
133612964781594,133612964781695,101,0,27
133612964781594,133612964781695,101,0,27
133612964781594,133612964781695,101,0,27
133612964781594,133612964781695,101,0,27
133612964781594,133612964781695,101,0,27
133612964781594,133612964781695,101,0,27
133612964781594,133612964781695,101,0,27
133612964781594,133612964781695,101,0,27
133612964781594,133612964781695,101,0,27
133612964781594,133612964781695,101,0,27
133612964781594,133612964781695,101,0,27
133612964781594,133612964781695,101,0,27
133612964781594,133612964781695,101,0,27
133612964781594,133612964781695,101,0,27
133612964781594,133612964781695,101,0,27
133612964781594,133612964781695,101,0,27
133612964781594,133612964781695,101,0,27
133612964781594,133612964781695,101,0,27
133612964781594,133612964781695,101,0,27
133612964781594,133612964781695,101,0,27
133612964781594,133612964781695,101,0,27
133612964781594,133612964781695,101,0,27
133612964781594,133612964781695,101,0,27
133612964781594,133612964781695,101,0,27
133612964781580,133612964781677,97,0,28
133612964781580,133612964781677,97,0,28
133612964781580,133612964781677,97,0,28
133612964781580,133612964781677,97,0,28
133612964781580,133612964781677,97,0,28
133612964781580,133612964781677,97,0,28
133612964781580,133612964781677,97,0,28
133612964781580,133612964781677,97,0,28
133612964781580,133612964781677,97,0,28
133612964781580,133612964781677,97,0,28
133612964781580,133612964781677,97,0,28
133612964781580,133612964781677,97,0,28
133612964781580,133612964781677,97,0,28
133612964781580,133612964781677,97,0,28
133612964781580,133612964781677,97,0,28
133612964781580,133612964781677,97,0,28
133612964781580,133612964781677,97,0,28
133612964781580,133612964781677,97,0,28
133612964781580,133612964781677,97,0,28
133612964781580,133612964781677,97,0,28
133612964781580,133612964781677,97,0,28
133612964781580,133612964781677,97,0,28
133612964781580,133612964781677,97,0,28
133612964781580,133612964781677,97,0,28
133612964781580,133612964781677,97,0,28
133612964781580,133612964781677,97,0,28
133612964781580,133612964781677,97,0,28
133612964781580,133612964781677,97,0,28
133612964781580,133612964781677,97,0,28
133612964781580,133612964781677,97,0,28
133612964781580,133612964781677,97,0,28
133612964781580,133612964781677,97,0,28
133612964781582,133612964781679,97,0,29
133612964781582,133612964781679,97,0,29
133612964781582,133612964781679,97,0,29
133612964781582,133612964781679,97,0,29
133612964781582,133612964781679,97,0,29
133612964781582,133612964781679,97,0,29
133612964781582,133612964781679,97,0,29
133612964781582,133612964781679,97,0,29
133612964781582,133612964781679,97,0,29
133612964781582,133612964781679,97,0,29
133612964781582,133612964781679,97,0,29
133612964781582,133612964781679,97,0,29
133612964781582,133612964781679,97,0,29
133612964781582,133612964781679,97,0,29
133612964781582,133612964781679,97,0,29
133612964781582,133612964781679,97,0,29
133612964781582,133612964781679,97,0,29
133612964781582,133612964781679,97,0,29
133612964781582,133612964781679,97,0,29
133612964781582,133612964781679,97,0,29
133612964781582,133612964781679,97,0,29
133612964781582,133612964781679,97,0,29
133612964781582,133612964781679,97,0,29
133612964781582,133612964781679,97,0,29
133612964781582,133612964781679,97,0,29
133612964781582,133612964781679,97,0,29
133612964781582,133612964781679,97,0,29
133612964781582,133612964781679,97,0,29
133612964781582,133612964781679,97,0,29
133612964781582,133612964781679,97,0,29
133612964781582,133612964781679,97,0,29
133612964781582,133612964781679,97,0,29
133612964781584,133612964781681,97,0,30
133612964781584,133612964781681,97,0,30
133612964781584,133612964781681,97,0,30
133612964781584,133612964781681,97,0,30
133612964781584,133612964781681,97,0,30
133612964781584,133612964781681,97,0,30
133612964781584,133612964781681,97,0,30
133612964781584,133612964781681,97,0,30
133612964781584,133612964781681,97,0,30
133612964781584,133612964781681,97,0,30
133612964781584,133612964781681,97,0,30
133612964781584,133612964781681,97,0,30
133612964781584,133612964781681,97,0,30
133612964781584,133612964781681,97,0,30
133612964781584,133612964781681,97,0,30
133612964781584,133612964781681,97,0,30
133612964781584,133612964781681,97,0,30
133612964781584,133612964781681,97,0,30
133612964781584,133612964781681,97,0,30
133612964781584,133612964781681,97,0,30
133612964781584,133612964781681,97,0,30
133612964781584,133612964781681,97,0,30
133612964781584,133612964781681,97,0,30
133612964781584,133612964781681,97,0,30
133612964781584,133612964781681,97,0,30
133612964781584,133612964781681,97,0,30
133612964781584,133612964781681,97,0,30
133612964781584,133612964781681,97,0,30
133612964781584,133612964781681,97,0,30
133612964781584,133612964781681,97,0,30
133612964781584,133612964781681,97,0,30
133612964781584,133612964781681,97,0,30
133612964781586,133612964781683,97,0,31
133612964781586,133612964781683,97,0,31
133612964781586,133612964781683,97,0,31
133612964781586,133612964781683,97,0,31
133612964781586,133612964781683,97,0,31
133612964781586,133612964781683,97,0,31
133612964781586,133612964781683,97,0,31
133612964781586,133612964781683,97,0,31
133612964781586,133612964781683,97,0,31
133612964781586,133612964781683,97,0,31
133612964781586,133612964781683,97,0,31
133612964781586,133612964781683,97,0,31
133612964781586,133612964781683,97,0,31
133612964781586,133612964781683,97,0,31
133612964781586,133612964781683,97,0,31
133612964781586,133612964781683,97,0,31
133612964781586,133612964781683,97,0,31
133612964781586,133612964781683,97,0,31
133612964781586,133612964781683,97,0,31
133612964781586,133612964781683,97,0,31
133612964781586,133612964781683,97,0,31
133612964781586,133612964781683,97,0,31
133612964781586,133612964781683,97,0,31
133612964781586,133612964781683,97,0,31
133612964781586,133612964781683,97,0,31
133612964781586,133612964781683,97,0,31
133612964781586,133612964781683,97,0,31
133612964781586,133612964781683,97,0,31
133612964781586,133612964781683,97,0,31
133612964781586,133612964781683,97,0,31
133612964781586,133612964781683,97,0,31
133612964781586,133612964781683,97,0,31
